simulation,tracer sample,redshift,mass Msol/h,Halo mass function,error
midres,subhalos,0,10597662487,1.15E-07,1.09E-08
midres,subhalos,0,11902282448,1.39E-07,1.19E-08
midres,subhalos,0,13367506999,1.09E-07,1.06E-08
midres,subhalos,0,15013107289,1.32E-07,1.16E-08
midres,subhalos,0,16861288383,1.90E-07,1.39E-08
midres,subhalos,0,18936988890,1.57E-07,1.27E-08
midres,subhalos,0,21268217473,4.13E-07,2.05E-08
midres,subhalos,0,23886430790,1.18E-06,3.47E-08
midres,subhalos,0,26826957953,1.09E-06,3.34E-08
midres,subhalos,0,30129477247,1.00E-06,3.20E-08
midres,subhalos,0,33838551534,1.56E-06,3.99E-08
midres,subhalos,0,38004229564,3.19E-06,5.70E-08
midres,subhalos,0,42682721312,2.69E-06,5.24E-08
midres,subhalos,0,47937156456,3.54E-06,6.01E-08
midres,subhalos,0,53838436220,4.02E-06,6.41E-08
midres,subhalos,0,60466190091,4.22E-06,6.57E-08
midres,subhalos,0,67909850300,4.51E-06,6.79E-08
midres,subhalos,0,76269858590,5.08E-06,7.20E-08
midres,subhalos,0,85659021537,5.67E-06,7.61E-08
midres,subhalos,0,96204032711,5.96E-06,7.80E-08
midres,subhalos,0,1.08047E+11,6.56E-06,8.18E-08
midres,subhalos,0,1.21348E+11,7.30E-06,8.63E-08
midres,subhalos,0,1.36287E+11,8.28E-06,9.20E-08
midres,subhalos,0,1.53064E+11,9.63E-06,9.92E-08
midres,subhalos,0,1.71907E+11,1.10E-05,1.06E-07
midres,subhalos,0,1.9307E+11,1.26E-05,1.14E-07
midres,subhalos,0,2.16838E+11,1.45E-05,1.22E-07
midres,subhalos,0,2.43531E+11,1.67E-05,1.31E-07
midres,subhalos,0,2.73511E+11,0.001294573,1.15E-06
midres,subhalos,0,3.07181E+11,0.001176772,1.10E-06
midres,subhalos,0,3.44997E+11,0.001497163,1.24E-06
midres,subhalos,0,3.87468E+11,0.001935425,1.41E-06
midres,subhalos,0,4.35167E+11,0.002864207,1.71E-06
midres,subhalos,0,4.88737E+11,0.009093947,3.05E-06
midres,subhalos,0,5.48903E+11,0.011600907,3.44E-06
midres,subhalos,0,6.16476E+11,0.010177488,3.22E-06
midres,subhalos,0,6.92367E+11,0.009553406,3.12E-06
midres,subhalos,0,7.776E+11,0.008478165,2.94E-06
midres,subhalos,0,8.73326E+11,0.007853729,2.83E-06
midres,subhalos,0,9.80837E+11,0.00716208,2.70E-06
midres,subhalos,0,1.10158E+12,0.006344657,2.55E-06
midres,subhalos,0,1.23719E+12,0.005669923,2.41E-06
midres,subhalos,0,1.3895E+12,0.005156216,2.29E-06
midres,subhalos,0,1.56055E+12,0.004577427,2.16E-06
midres,subhalos,0,1.75266E+12,0.004138308,2.06E-06
midres,subhalos,0,1.96842E+12,0.003764394,1.96E-06
midres,subhalos,0,2.21074E+12,0.003495856,1.89E-06
midres,subhalos,0,2.48289E+12,0.003234872,1.82E-06
midres,subhalos,0,2.78855E+12,0.002952543,1.74E-06
midres,subhalos,0,3.13183E+12,0.002705162,1.66E-06
midres,subhalos,0,3.51737E+12,0.002456545,1.58E-06
midres,subhalos,0,3.95038E+12,0.002225033,1.51E-06
midres,subhalos,0,4.43669E+12,0.002004349,1.43E-06
midres,subhalos,0,4.98286E+12,0.001806267,1.36E-06
midres,subhalos,0,5.59628E+12,0.001619943,1.29E-06
midres,subhalos,0,6.2852E+12,0.001445334,1.21E-06
midres,subhalos,0,7.05894E+12,0.001294472,1.15E-06
midres,subhalos,0,7.92793E+12,0.001152467,1.08E-06
midres,subhalos,0,8.90389E+12,0.001030056,1.03E-06
midres,subhalos,0,1E+13,0.000922306,9.70E-07
midres,subhalos,0,1.1231E+13,0.000821814,9.16E-07
midres,subhalos,0,1.26136E+13,0.000732585,8.65E-07
midres,subhalos,0,1.41664E+13,0.000650329,8.15E-07
midres,subhalos,0,1.59104E+13,0.000576106,7.67E-07
midres,subhalos,0,1.7869E+13,0.000506093,7.19E-07
midres,subhalos,0,2.00688E+13,0.000443787,6.73E-07
midres,subhalos,0,2.25393E+13,0.000388074,6.30E-07
midres,subhalos,0,2.5314E+13,0.000339009,5.88E-07
midres,subhalos,0,2.84303E+13,0.000295877,5.50E-07
midres,subhalos,0,3.19302E+13,0.000257148,5.12E-07
midres,subhalos,0,3.5861E+13,0.000224049,4.78E-07
midres,subhalos,0,4.02756E+13,0.000194952,4.46E-07
midres,subhalos,0,4.52337E+13,0.000169164,4.16E-07
midres,subhalos,0,5.08022E+13,0.000146269,3.86E-07
midres,subhalos,0,5.70562E+13,0.000126942,3.60E-07
midres,subhalos,0,6.408E+13,0.000109996,3.35E-07
midres,subhalos,0,7.19686E+13,9.47E-05,3.11E-07
midres,subhalos,0,8.08282E+13,8.16E-05,2.89E-07
midres,subhalos,0,9.07785E+13,6.97E-05,2.67E-07
midres,subhalos,0,1.01954E+14,5.94E-05,2.46E-07
midres,subhalos,0,1.14505E+14,5.06E-05,2.27E-07
midres,subhalos,0,1.28601E+14,4.23E-05,2.08E-07
midres,subhalos,0,1.44432E+14,3.58E-05,1.91E-07
midres,subhalos,0,1.62212E+14,3.03E-05,1.76E-07
midres,subhalos,0,1.82181E+14,2.52E-05,1.60E-07
midres,subhalos,0,2.04609E+14,2.07E-05,1.46E-07
midres,subhalos,0,2.29797E+14,1.70E-05,1.32E-07
midres,subhalos,0,2.58086E+14,1.39E-05,1.19E-07
midres,subhalos,0,2.89858E+14,1.13E-05,1.07E-07
midres,subhalos,0,3.25541E+14,9.13E-06,9.66E-08
midres,subhalos,0,3.65616E+14,7.13E-06,8.54E-08
midres,subhalos,0,4.10625E+14,5.77E-06,7.68E-08
midres,subhalos,0,4.61175E+14,4.39E-06,6.70E-08
midres,subhalos,0,5.17947E+14,3.33E-06,5.83E-08
midres,subhalos,0,5.81709E+14,2.51E-06,5.06E-08
midres,subhalos,0,6.5332E+14,1.90E-06,4.41E-08
midres,subhalos,0,7.33747E+14,1.36E-06,3.73E-08
midres,subhalos,0,8.24074E+14,9.87E-07,3.18E-08
midres,subhalos,0,9.25522E+14,6.51E-07,2.58E-08
midres,subhalos,0,1.03946E+15,4.66E-07,2.18E-08
midres,subhalos,0,1.16742E+15,2.90E-07,1.72E-08
midres,subhalos,0,1.31113E+15,2.09E-07,1.46E-08
midres,subhalos,0,1.47254E+15,1.31E-07,1.16E-08
midres,subhalos,0,1.65382E+15,7.86E-08,8.96E-09
midres,subhalos,0,1.85741E+15,4.70E-08,6.93E-09
midres,subhalos,0,2.08606E+15,2.04E-08,4.57E-09
midres,subhalos,0,2.34287E+15,1.63E-08,4.08E-09
midres,subhalos,0,2.63129E+15,6.13E-09,2.50E-09
midres,subhalos,0,2.95521E+15,2.04E-09,1.44E-09
midres,subhalos,0,3.31901E+15,0,0
midres,subhalos,0,3.72759E+15,2.04E-09,1.44E-09
midres,subhalos,0,4.18648E+15,0,0
midres,subhalos,0,4.70185E+15,1.02E-09,1.02E-09
midres,subhalos,0,5.28067E+15,0,0
midres,subhalos,0,5.93074E+15,0,0
midres,subhalos,0,6.66085E+15,0,0
midres,subhalos,0,7.48083E+15,0,0
midres,subhalos,0,8.40175E+15,0,0
midres,subhalos,0,9.43604E+15,0,0
midres,subhalos,0.25,10597662487,1.83E-07,1.37E-08
midres,subhalos,0.25,11902282448,2.18E-07,1.49E-08
midres,subhalos,0.25,13367506999,2.76E-07,1.68E-08
midres,subhalos,0.25,15013107289,2.60E-07,1.63E-08
midres,subhalos,0.25,16861288383,2.61E-07,1.63E-08
midres,subhalos,0.25,18936988890,2.95E-07,1.74E-08
midres,subhalos,0.25,21268217473,4.68E-07,2.19E-08
midres,subhalos,0.25,23886430790,1.23E-06,3.55E-08
midres,subhalos,0.25,26826957953,1.11E-06,3.37E-08
midres,subhalos,0.25,30129477247,1.14E-06,3.41E-08
midres,subhalos,0.25,33838551534,1.53E-06,3.96E-08
midres,subhalos,0.25,38004229564,2.57E-06,5.12E-08
midres,subhalos,0.25,42682721312,2.49E-06,5.04E-08
midres,subhalos,0.25,47937156456,3.01E-06,5.54E-08
midres,subhalos,0.25,53838436220,3.22E-06,5.74E-08
midres,subhalos,0.25,60466190091,3.67E-06,6.12E-08
midres,subhalos,0.25,67909850300,4.13E-06,6.49E-08
midres,subhalos,0.25,76269858590,4.52E-06,6.79E-08
midres,subhalos,0.25,85659021537,5.03E-06,7.17E-08
midres,subhalos,0.25,96204032711,5.65E-06,7.59E-08
midres,subhalos,0.25,1.08047E+11,6.52E-06,8.16E-08
midres,subhalos,0.25,1.21348E+11,7.31E-06,8.64E-08
midres,subhalos,0.25,1.36287E+11,8.15E-06,9.12E-08
midres,subhalos,0.25,1.53064E+11,9.47E-06,9.83E-08
midres,subhalos,0.25,1.71907E+11,1.07E-05,1.05E-07
midres,subhalos,0.25,1.9307E+11,1.26E-05,1.13E-07
midres,subhalos,0.25,2.16838E+11,1.45E-05,1.22E-07
midres,subhalos,0.25,2.43531E+11,1.69E-05,1.31E-07
midres,subhalos,0.25,2.73511E+11,0.001040636,1.03E-06
midres,subhalos,0.25,3.07181E+11,0.001058738,1.04E-06
midres,subhalos,0.25,3.44997E+11,0.001338739,1.17E-06
midres,subhalos,0.25,3.87468E+11,0.001738104,1.33E-06
midres,subhalos,0.25,4.35167E+11,0.002709271,1.66E-06
midres,subhalos,0.25,4.88737E+11,0.008948258,3.02E-06
midres,subhalos,0.25,5.48903E+11,0.011600312,3.44E-06
midres,subhalos,0.25,6.16476E+11,0.010186689,3.23E-06
midres,subhalos,0.25,6.92367E+11,0.0095291,3.12E-06
midres,subhalos,0.25,7.776E+11,0.008448688,2.94E-06
midres,subhalos,0.25,8.73326E+11,0.00782282,2.83E-06
midres,subhalos,0.25,9.80837E+11,0.00709894,2.69E-06
midres,subhalos,0.25,1.10158E+12,0.006251748,2.53E-06
midres,subhalos,0.25,1.23719E+12,0.005588538,2.39E-06
midres,subhalos,0.25,1.3895E+12,0.00511172,2.28E-06
midres,subhalos,0.25,1.56055E+12,0.00454075,2.15E-06
midres,subhalos,0.25,1.75266E+12,0.004114593,2.05E-06
midres,subhalos,0.25,1.96842E+12,0.003726522,1.95E-06
midres,subhalos,0.25,2.21074E+12,0.003429733,1.87E-06
midres,subhalos,0.25,2.48289E+12,0.003148412,1.79E-06
midres,subhalos,0.25,2.78855E+12,0.002850718,1.71E-06
midres,subhalos,0.25,3.13183E+12,0.00259332,1.63E-06
midres,subhalos,0.25,3.51737E+12,0.002340483,1.55E-06
midres,subhalos,0.25,3.95038E+12,0.002107334,1.47E-06
midres,subhalos,0.25,4.43669E+12,0.001887947,1.39E-06
midres,subhalos,0.25,4.98286E+12,0.001684021,1.31E-06
midres,subhalos,0.25,5.59628E+12,0.00150452,1.24E-06
midres,subhalos,0.25,6.2852E+12,0.001334598,1.17E-06
midres,subhalos,0.25,7.05894E+12,0.001186139,1.10E-06
midres,subhalos,0.25,7.92793E+12,0.001052914,1.04E-06
midres,subhalos,0.25,8.90389E+12,0.000932666,9.76E-07
midres,subhalos,0.25,1E+13,0.000828297,9.20E-07
midres,subhalos,0.25,1.1231E+13,0.000733234,8.65E-07
midres,subhalos,0.25,1.26136E+13,0.00064841,8.14E-07
midres,subhalos,0.25,1.41664E+13,0.000570608,7.63E-07
midres,subhalos,0.25,1.59104E+13,0.000498857,7.14E-07
midres,subhalos,0.25,1.7869E+13,0.000434237,6.66E-07
midres,subhalos,0.25,2.00688E+13,0.000377653,6.21E-07
midres,subhalos,0.25,2.25393E+13,0.000326053,5.77E-07
midres,subhalos,0.25,2.5314E+13,0.00028136,5.36E-07
midres,subhalos,0.25,2.84303E+13,0.000242562,4.98E-07
midres,subhalos,0.25,3.19302E+13,0.000208997,4.62E-07
midres,subhalos,0.25,3.5861E+13,0.000178711,4.27E-07
midres,subhalos,0.25,4.02756E+13,0.000153876,3.96E-07
midres,subhalos,0.25,4.52337E+13,0.000131639,3.67E-07
midres,subhalos,0.25,5.08022E+13,0.000112329,3.39E-07
midres,subhalos,0.25,5.70562E+13,9.62E-05,3.13E-07
midres,subhalos,0.25,6.408E+13,8.13E-05,2.88E-07
midres,subhalos,0.25,7.19686E+13,6.86E-05,2.65E-07
midres,subhalos,0.25,8.08282E+13,5.80E-05,2.43E-07
midres,subhalos,0.25,9.07785E+13,4.85E-05,2.23E-07
midres,subhalos,0.25,1.01954E+14,4.08E-05,2.04E-07
midres,subhalos,0.25,1.14505E+14,3.40E-05,1.86E-07
midres,subhalos,0.25,1.28601E+14,2.81E-05,1.70E-07
midres,subhalos,0.25,1.44432E+14,2.28E-05,1.52E-07
midres,subhalos,0.25,1.62212E+14,1.89E-05,1.39E-07
midres,subhalos,0.25,1.82181E+14,1.52E-05,1.24E-07
midres,subhalos,0.25,2.04609E+14,1.22E-05,1.12E-07
midres,subhalos,0.25,2.29797E+14,9.60E-06,9.90E-08
midres,subhalos,0.25,2.58086E+14,7.61E-06,8.82E-08
midres,subhalos,0.25,2.89858E+14,5.96E-06,7.80E-08
midres,subhalos,0.25,3.25541E+14,4.57E-06,6.83E-08
midres,subhalos,0.25,3.65616E+14,3.51E-06,5.99E-08
midres,subhalos,0.25,4.10625E+14,2.54E-06,5.10E-08
midres,subhalos,0.25,4.61175E+14,1.87E-06,4.37E-08
midres,subhalos,0.25,5.17947E+14,1.33E-06,3.68E-08
midres,subhalos,0.25,5.81709E+14,9.67E-07,3.14E-08
midres,subhalos,0.25,6.5332E+14,6.18E-07,2.51E-08
midres,subhalos,0.25,7.33747E+14,4.78E-07,2.21E-08
midres,subhalos,0.25,8.24074E+14,3.05E-07,1.77E-08
midres,subhalos,0.25,9.25522E+14,2.08E-07,1.46E-08
midres,subhalos,0.25,1.03946E+15,1.21E-07,1.11E-08
midres,subhalos,0.25,1.16742E+15,7.56E-08,8.78E-09
midres,subhalos,0.25,1.31113E+15,3.17E-08,5.69E-09
midres,subhalos,0.25,1.47254E+15,2.96E-08,5.50E-09
midres,subhalos,0.25,1.65382E+15,1.33E-08,3.68E-09
midres,subhalos,0.25,1.85741E+15,7.15E-09,2.70E-09
midres,subhalos,0.25,2.08606E+15,2.04E-09,1.44E-09
midres,subhalos,0.25,2.34287E+15,2.04E-09,1.44E-09
midres,subhalos,0.25,2.63129E+15,0,0
midres,subhalos,0.25,2.95521E+15,0,0
midres,subhalos,0.25,3.31901E+15,0,0
midres,subhalos,0.25,3.72759E+15,0,0
midres,subhalos,0.25,4.18648E+15,0,0
midres,subhalos,0.25,4.70185E+15,0,0
midres,subhalos,0.25,5.28067E+15,0,0
midres,subhalos,0.25,5.93074E+15,0,0
midres,subhalos,0.25,6.66085E+15,0,0
midres,subhalos,0.25,7.48083E+15,0,0
midres,subhalos,0.25,8.40175E+15,0,0
midres,subhalos,0.25,9.43604E+15,0,0
midres,subhalos,0.29,10597662487,2.25E-07,1.51E-08
midres,subhalos,0.29,11902282448,2.03E-07,1.44E-08
midres,subhalos,0.29,13367506999,2.43E-07,1.58E-08
midres,subhalos,0.29,15013107289,2.58E-07,1.62E-08
midres,subhalos,0.29,16861288383,2.80E-07,1.69E-08
midres,subhalos,0.29,18936988890,2.61E-07,1.63E-08
midres,subhalos,0.29,21268217473,4.51E-07,2.15E-08
midres,subhalos,0.29,23886430790,1.20E-06,3.50E-08
midres,subhalos,0.29,26826957953,1.14E-06,3.42E-08
midres,subhalos,0.29,30129477247,1.13E-06,3.39E-08
midres,subhalos,0.29,33838551534,1.53E-06,3.95E-08
midres,subhalos,0.29,38004229564,2.42E-06,4.97E-08
midres,subhalos,0.29,42682721312,2.35E-06,4.90E-08
midres,subhalos,0.29,47937156456,2.78E-06,5.33E-08
midres,subhalos,0.29,53838436220,3.11E-06,5.63E-08
midres,subhalos,0.29,60466190091,3.62E-06,6.08E-08
midres,subhalos,0.29,67909850300,3.75E-06,6.19E-08
midres,subhalos,0.29,76269858590,4.36E-06,6.68E-08
midres,subhalos,0.29,85659021537,4.98E-06,7.13E-08
midres,subhalos,0.29,96204032711,5.53E-06,7.51E-08
midres,subhalos,0.29,1.08047E+11,6.25E-06,7.99E-08
midres,subhalos,0.29,1.21348E+11,7.14E-06,8.54E-08
midres,subhalos,0.29,1.36287E+11,7.88E-06,8.97E-08
midres,subhalos,0.29,1.53064E+11,9.25E-06,9.72E-08
midres,subhalos,0.29,1.71907E+11,1.08E-05,1.05E-07
midres,subhalos,0.29,1.9307E+11,1.26E-05,1.13E-07
midres,subhalos,0.29,2.16838E+11,1.44E-05,1.21E-07
midres,subhalos,0.29,2.43531E+11,1.68E-05,1.31E-07
midres,subhalos,0.29,2.73511E+11,0.000994762,1.01E-06
midres,subhalos,0.29,3.07181E+11,0.001034769,1.03E-06
midres,subhalos,0.29,3.44997E+11,0.001309081,1.16E-06
midres,subhalos,0.29,3.87468E+11,0.00170502,1.32E-06
midres,subhalos,0.29,4.35167E+11,0.002676891,1.65E-06
midres,subhalos,0.29,4.88737E+11,0.008917169,3.02E-06
midres,subhalos,0.29,5.48903E+11,0.011592506,3.44E-06
midres,subhalos,0.29,6.16476E+11,0.010173979,3.22E-06
midres,subhalos,0.29,6.92367E+11,0.009514052,3.12E-06
midres,subhalos,0.29,7.776E+11,0.008432665,2.93E-06
midres,subhalos,0.29,8.73326E+11,0.00780729,2.82E-06
midres,subhalos,0.29,9.80837E+11,0.007082358,2.69E-06
midres,subhalos,0.29,1.10158E+12,0.006233462,2.52E-06
midres,subhalos,0.29,1.23719E+12,0.005574755,2.39E-06
midres,subhalos,0.29,1.3895E+12,0.005090565,2.28E-06
midres,subhalos,0.29,1.56055E+12,0.004527145,2.15E-06
midres,subhalos,0.29,1.75266E+12,0.004101031,2.05E-06
midres,subhalos,0.29,1.96842E+12,0.003713016,1.95E-06
midres,subhalos,0.29,2.21074E+12,0.003414116,1.87E-06
midres,subhalos,0.29,2.48289E+12,0.003126357,1.79E-06
midres,subhalos,0.29,2.78855E+12,0.00283095,1.70E-06
midres,subhalos,0.29,3.13183E+12,0.002569269,1.62E-06
midres,subhalos,0.29,3.51737E+12,0.002318187,1.54E-06
midres,subhalos,0.29,3.95038E+12,0.002085485,1.46E-06
midres,subhalos,0.29,4.43669E+12,0.001865151,1.38E-06
midres,subhalos,0.29,4.98286E+12,0.001664806,1.30E-06
midres,subhalos,0.29,5.59628E+12,0.001483739,1.23E-06
midres,subhalos,0.29,6.2852E+12,0.001314858,1.16E-06
midres,subhalos,0.29,7.05894E+12,0.001166572,1.09E-06
midres,subhalos,0.29,7.92793E+12,0.001033931,1.03E-06
midres,subhalos,0.29,8.90389E+12,0.000914779,9.67E-07
midres,subhalos,0.29,1E+13,0.000812991,9.11E-07
midres,subhalos,0.29,1.1231E+13,0.000717568,8.56E-07
midres,subhalos,0.29,1.26136E+13,0.000633013,8.04E-07
midres,subhalos,0.29,1.41664E+13,0.000557676,7.55E-07
midres,subhalos,0.29,1.59104E+13,0.00048571,7.04E-07
midres,subhalos,0.29,1.7869E+13,0.000422767,6.57E-07
midres,subhalos,0.29,2.00688E+13,0.000365483,6.11E-07
midres,subhalos,0.29,2.25393E+13,0.000315717,5.68E-07
midres,subhalos,0.29,2.5314E+13,0.000272426,5.27E-07
midres,subhalos,0.29,2.84303E+13,0.000233497,4.88E-07
midres,subhalos,0.29,3.19302E+13,0.000201149,4.53E-07
midres,subhalos,0.29,3.5861E+13,0.000171569,4.19E-07
midres,subhalos,0.29,4.02756E+13,0.000147395,3.88E-07
midres,subhalos,0.29,4.52337E+13,0.000125435,3.58E-07
midres,subhalos,0.29,5.08022E+13,0.00010716,3.31E-07
midres,subhalos,0.29,5.70562E+13,9.14E-05,3.05E-07
midres,subhalos,0.29,6.408E+13,7.70E-05,2.80E-07
midres,subhalos,0.29,7.19686E+13,6.50E-05,2.58E-07
midres,subhalos,0.29,8.08282E+13,5.41E-05,2.35E-07
midres,subhalos,0.29,9.07785E+13,4.56E-05,2.16E-07
midres,subhalos,0.29,1.01954E+14,3.80E-05,1.97E-07
midres,subhalos,0.29,1.14505E+14,3.17E-05,1.80E-07
midres,subhalos,0.29,1.28601E+14,2.60E-05,1.63E-07
midres,subhalos,0.29,1.44432E+14,2.10E-05,1.46E-07
midres,subhalos,0.29,1.62212E+14,1.71E-05,1.32E-07
midres,subhalos,0.29,1.82181E+14,1.39E-05,1.19E-07
midres,subhalos,0.29,2.04609E+14,1.09E-05,1.06E-07
midres,subhalos,0.29,2.29797E+14,8.77E-06,9.46E-08
midres,subhalos,0.29,2.58086E+14,6.75E-06,8.30E-08
midres,subhalos,0.29,2.89858E+14,5.34E-06,7.39E-08
midres,subhalos,0.29,3.25541E+14,3.95E-06,6.35E-08
midres,subhalos,0.29,3.65616E+14,3.08E-06,5.60E-08
midres,subhalos,0.29,4.10625E+14,2.14E-06,4.67E-08
midres,subhalos,0.29,4.61175E+14,1.62E-06,4.07E-08
midres,subhalos,0.29,5.17947E+14,1.15E-06,3.43E-08
midres,subhalos,0.29,5.81709E+14,7.68E-07,2.80E-08
midres,subhalos,0.29,6.5332E+14,5.16E-07,2.29E-08
midres,subhalos,0.29,7.33747E+14,3.73E-07,1.95E-08
midres,subhalos,0.29,8.24074E+14,2.63E-07,1.64E-08
midres,subhalos,0.29,9.25522E+14,1.71E-07,1.32E-08
midres,subhalos,0.29,1.03946E+15,9.70E-08,9.95E-09
midres,subhalos,0.29,1.16742E+15,5.11E-08,7.22E-09
midres,subhalos,0.29,1.31113E+15,2.35E-08,4.90E-09
midres,subhalos,0.29,1.47254E+15,2.45E-08,5.00E-09
midres,subhalos,0.29,1.65382E+15,7.15E-09,2.70E-09
midres,subhalos,0.29,1.85741E+15,5.11E-09,2.28E-09
midres,subhalos,0.29,2.08606E+15,2.04E-09,1.44E-09
midres,subhalos,0.29,2.34287E+15,1.02E-09,1.02E-09
midres,subhalos,0.29,2.63129E+15,0,0
midres,subhalos,0.29,2.95521E+15,0,0
midres,subhalos,0.29,3.31901E+15,0,0
midres,subhalos,0.29,3.72759E+15,0,0
midres,subhalos,0.29,4.18648E+15,0,0
midres,subhalos,0.29,4.70185E+15,0,0
midres,subhalos,0.29,5.28067E+15,0,0
midres,subhalos,0.29,5.93074E+15,0,0
midres,subhalos,0.29,6.66085E+15,0,0
midres,subhalos,0.29,7.48083E+15,0,0
midres,subhalos,0.29,8.40175E+15,0,0
midres,subhalos,0.29,9.43604E+15,0,0
midres,subhalos,0.47,10597662487,1.73E-07,1.33E-08
midres,subhalos,0.47,11902282448,1.98E-07,1.42E-08
midres,subhalos,0.47,13367506999,2.18E-07,1.49E-08
midres,subhalos,0.47,15013107289,2.13E-07,1.48E-08
midres,subhalos,0.47,16861288383,2.72E-07,1.67E-08
midres,subhalos,0.47,18936988890,2.99E-07,1.75E-08
midres,subhalos,0.47,21268217473,4.05E-07,2.03E-08
midres,subhalos,0.47,23886430790,9.94E-07,3.19E-08
midres,subhalos,0.47,26826957953,9.76E-07,3.16E-08
midres,subhalos,0.47,30129477247,1.02E-06,3.23E-08
midres,subhalos,0.47,33838551534,1.27E-06,3.60E-08
midres,subhalos,0.47,38004229564,2.04E-06,4.57E-08
midres,subhalos,0.47,42682721312,1.83E-06,4.32E-08
midres,subhalos,0.47,47937156456,2.41E-06,4.96E-08
midres,subhalos,0.47,53838436220,2.65E-06,5.20E-08
midres,subhalos,0.47,60466190091,3.07E-06,5.60E-08
midres,subhalos,0.47,67909850300,3.37E-06,5.87E-08
midres,subhalos,0.47,76269858590,3.86E-06,6.28E-08
midres,subhalos,0.47,85659021537,4.39E-06,6.70E-08
midres,subhalos,0.47,96204032711,5.02E-06,7.16E-08
midres,subhalos,0.47,1.08047E+11,5.69E-06,7.62E-08
midres,subhalos,0.47,1.21348E+11,6.62E-06,8.22E-08
midres,subhalos,0.47,1.36287E+11,7.54E-06,8.77E-08
midres,subhalos,0.47,1.53064E+11,8.74E-06,9.45E-08
midres,subhalos,0.47,1.71907E+11,1.00E-05,1.01E-07
midres,subhalos,0.47,1.9307E+11,1.19E-05,1.10E-07
midres,subhalos,0.47,2.16838E+11,1.40E-05,1.19E-07
midres,subhalos,0.47,2.43531E+11,1.65E-05,1.30E-07
midres,subhalos,0.47,2.73511E+11,0.000808414,9.09E-07
midres,subhalos,0.47,3.07181E+11,0.000928554,9.74E-07
midres,subhalos,0.47,3.44997E+11,0.001171329,1.09E-06
midres,subhalos,0.47,3.87468E+11,0.001537907,1.25E-06
midres,subhalos,0.47,4.35167E+11,0.002522952,1.61E-06
midres,subhalos,0.47,4.88737E+11,0.008735991,2.99E-06
midres,subhalos,0.47,5.48903E+11,0.011495786,3.43E-06
midres,subhalos,0.47,6.16476E+11,0.010090524,3.21E-06
midres,subhalos,0.47,6.92367E+11,0.009403895,3.10E-06
midres,subhalos,0.47,7.776E+11,0.008337933,2.92E-06
midres,subhalos,0.47,8.73326E+11,0.007699249,2.80E-06
midres,subhalos,0.47,9.80837E+11,0.006966742,2.67E-06
midres,subhalos,0.47,1.10158E+12,0.006105164,2.50E-06
midres,subhalos,0.47,1.23719E+12,0.005505944,2.37E-06
midres,subhalos,0.47,1.3895E+12,0.005008031,2.26E-06
midres,subhalos,0.47,1.56055E+12,0.004443621,2.13E-06
midres,subhalos,0.47,1.75266E+12,0.004023379,2.03E-06
midres,subhalos,0.47,1.96842E+12,0.003626969,1.92E-06
midres,subhalos,0.47,2.21074E+12,0.003316234,1.84E-06
midres,subhalos,0.47,2.48289E+12,0.003023903,1.76E-06
midres,subhalos,0.47,2.78855E+12,0.00272095,1.67E-06
midres,subhalos,0.47,3.13183E+12,0.002459384,1.58E-06
midres,subhalos,0.47,3.51737E+12,0.002207493,1.50E-06
midres,subhalos,0.47,3.95038E+12,0.001976858,1.42E-06
midres,subhalos,0.47,4.43669E+12,0.001759471,1.34E-06
midres,subhalos,0.47,4.98286E+12,0.001561126,1.26E-06
midres,subhalos,0.47,5.59628E+12,0.001384501,1.19E-06
midres,subhalos,0.47,6.2852E+12,0.001220999,1.12E-06
midres,subhalos,0.47,7.05894E+12,0.001078435,1.05E-06
midres,subhalos,0.47,7.92793E+12,0.000949301,9.85E-07
midres,subhalos,0.47,8.90389E+12,0.000838053,9.25E-07
midres,subhalos,0.47,1E+13,0.000737116,8.68E-07
midres,subhalos,0.47,1.1231E+13,0.000647626,8.13E-07
midres,subhalos,0.47,1.26136E+13,0.00056837,7.62E-07
midres,subhalos,0.47,1.41664E+13,0.000494618,7.11E-07
midres,subhalos,0.47,1.59104E+13,0.000426555,6.60E-07
midres,subhalos,0.47,1.7869E+13,0.000368557,6.13E-07
midres,subhalos,0.47,2.00688E+13,0.000316146,5.68E-07
midres,subhalos,0.47,2.25393E+13,0.000270885,5.26E-07
midres,subhalos,0.47,2.5314E+13,0.000231154,4.86E-07
midres,subhalos,0.47,2.84303E+13,0.000196954,4.48E-07
midres,subhalos,0.47,3.19302E+13,0.000167445,4.14E-07
midres,subhalos,0.47,3.5861E+13,0.00014095,3.79E-07
midres,subhalos,0.47,4.02756E+13,0.00011958,3.49E-07
midres,subhalos,0.47,4.52337E+13,0.000100664,3.21E-07
midres,subhalos,0.47,5.08022E+13,8.51E-05,2.95E-07
midres,subhalos,0.47,5.70562E+13,7.09E-05,2.69E-07
midres,subhalos,0.47,6.408E+13,5.92E-05,2.46E-07
midres,subhalos,0.47,7.19686E+13,4.90E-05,2.24E-07
midres,subhalos,0.47,8.08282E+13,4.05E-05,2.03E-07
midres,subhalos,0.47,9.07785E+13,3.33E-05,1.84E-07
midres,subhalos,0.47,1.01954E+14,2.75E-05,1.67E-07
midres,subhalos,0.47,1.14505E+14,2.20E-05,1.50E-07
midres,subhalos,0.47,1.28601E+14,1.78E-05,1.35E-07
midres,subhalos,0.47,1.44432E+14,1.43E-05,1.21E-07
midres,subhalos,0.47,1.62212E+14,1.11E-05,1.07E-07
midres,subhalos,0.47,1.82181E+14,8.85E-06,9.50E-08
midres,subhalos,0.47,2.04609E+14,6.82E-06,8.34E-08
midres,subhalos,0.47,2.29797E+14,5.13E-06,7.23E-08
midres,subhalos,0.47,2.58086E+14,4.05E-06,6.43E-08
midres,subhalos,0.47,2.89858E+14,2.97E-06,5.51E-08
midres,subhalos,0.47,3.25541E+14,2.13E-06,4.66E-08
midres,subhalos,0.47,3.65616E+14,1.55E-06,3.98E-08
midres,subhalos,0.47,4.10625E+14,1.07E-06,3.31E-08
midres,subhalos,0.47,4.61175E+14,7.34E-07,2.74E-08
midres,subhalos,0.47,5.17947E+14,5.20E-07,2.30E-08
midres,subhalos,0.47,5.81709E+14,3.38E-07,1.86E-08
midres,subhalos,0.47,6.5332E+14,2.28E-07,1.52E-08
midres,subhalos,0.47,7.33747E+14,1.59E-07,1.28E-08
midres,subhalos,0.47,8.24074E+14,8.78E-08,9.47E-09
midres,subhalos,0.47,9.25522E+14,4.80E-08,7.00E-09
midres,subhalos,0.47,1.03946E+15,2.35E-08,4.90E-09
midres,subhalos,0.47,1.16742E+15,1.84E-08,4.33E-09
midres,subhalos,0.47,1.31113E+15,9.19E-09,3.06E-09
midres,subhalos,0.47,1.47254E+15,6.13E-09,2.50E-09
midres,subhalos,0.47,1.65382E+15,0,0
midres,subhalos,0.47,1.85741E+15,1.02E-09,1.02E-09
midres,subhalos,0.47,2.08606E+15,0,0
midres,subhalos,0.47,2.34287E+15,0,0
midres,subhalos,0.47,2.63129E+15,0,0
midres,subhalos,0.47,2.95521E+15,0,0
midres,subhalos,0.47,3.31901E+15,0,0
midres,subhalos,0.47,3.72759E+15,0,0
midres,subhalos,0.47,4.18648E+15,0,0
midres,subhalos,0.47,4.70185E+15,0,0
midres,subhalos,0.47,5.28067E+15,0,0
midres,subhalos,0.47,5.93074E+15,0,0
midres,subhalos,0.47,6.66085E+15,0,0
midres,subhalos,0.47,7.48083E+15,0,0
midres,subhalos,0.47,8.40175E+15,0,0
midres,subhalos,0.47,9.43604E+15,0,0
midres,subhalos,0.67,10597662487,1.30E-07,1.15E-08
midres,subhalos,0.67,11902282448,1.82E-07,1.36E-08
midres,subhalos,0.67,13367506999,1.82E-07,1.36E-08
midres,subhalos,0.67,15013107289,2.07E-07,1.45E-08
midres,subhalos,0.67,16861288383,2.25E-07,1.51E-08
midres,subhalos,0.67,18936988890,2.40E-07,1.57E-08
midres,subhalos,0.67,21268217473,3.35E-07,1.85E-08
midres,subhalos,0.67,23886430790,7.83E-07,2.83E-08
midres,subhalos,0.67,26826957953,7.65E-07,2.79E-08
midres,subhalos,0.67,30129477247,8.23E-07,2.90E-08
midres,subhalos,0.67,33838551534,1.01E-06,3.21E-08
midres,subhalos,0.67,38004229564,1.48E-06,3.88E-08
midres,subhalos,0.67,42682721312,1.56E-06,4.00E-08
midres,subhalos,0.67,47937156456,1.79E-06,4.28E-08
midres,subhalos,0.67,53838436220,2.15E-06,4.68E-08
midres,subhalos,0.67,60466190091,2.50E-06,5.05E-08
midres,subhalos,0.67,67909850300,2.71E-06,5.26E-08
midres,subhalos,0.67,76269858590,3.23E-06,5.74E-08
midres,subhalos,0.67,85659021537,3.64E-06,6.10E-08
midres,subhalos,0.67,96204032711,4.41E-06,6.71E-08
midres,subhalos,0.67,1.08047E+11,5.09E-06,7.21E-08
midres,subhalos,0.67,1.21348E+11,5.81E-06,7.70E-08
midres,subhalos,0.67,1.36287E+11,6.85E-06,8.36E-08
midres,subhalos,0.67,1.53064E+11,8.24E-06,9.17E-08
midres,subhalos,0.67,1.71907E+11,9.22E-06,9.70E-08
midres,subhalos,0.67,1.9307E+11,1.10E-05,1.06E-07
midres,subhalos,0.67,2.16838E+11,1.25E-05,1.13E-07
midres,subhalos,0.67,2.43531E+11,1.55E-05,1.26E-07
midres,subhalos,0.67,2.73511E+11,0.000609336,7.89E-07
midres,subhalos,0.67,3.07181E+11,0.00079908,9.03E-07
midres,subhalos,0.67,3.44997E+11,0.001014412,1.02E-06
midres,subhalos,0.67,3.87468E+11,0.001349891,1.17E-06
midres,subhalos,0.67,4.35167E+11,0.002328339,1.54E-06
midres,subhalos,0.67,4.88737E+11,0.008447051,2.94E-06
midres,subhalos,0.67,5.48903E+11,0.011280123,3.39E-06
midres,subhalos,0.67,6.16476E+11,0.009888082,3.18E-06
midres,subhalos,0.67,6.92367E+11,0.009185751,3.06E-06
midres,subhalos,0.67,7.776E+11,0.008129316,2.88E-06
midres,subhalos,0.67,8.73326E+11,0.007495712,2.77E-06
midres,subhalos,0.67,9.80837E+11,0.006753397,2.63E-06
midres,subhalos,0.67,1.10158E+12,0.00588799,2.45E-06
midres,subhalos,0.67,1.23719E+12,0.005265337,2.32E-06
midres,subhalos,0.67,1.3895E+12,0.004837378,2.22E-06
midres,subhalos,0.67,1.56055E+12,0.004296931,2.09E-06
midres,subhalos,0.67,1.75266E+12,0.003883578,1.99E-06
midres,subhalos,0.67,1.96842E+12,0.003482612,1.89E-06
midres,subhalos,0.67,2.21074E+12,0.003165468,1.80E-06
midres,subhalos,0.67,2.48289E+12,0.002864358,1.71E-06
midres,subhalos,0.67,2.78855E+12,0.00256622,1.62E-06
midres,subhalos,0.67,3.13183E+12,0.002307454,1.54E-06
midres,subhalos,0.67,3.51737E+12,0.002055848,1.45E-06
midres,subhalos,0.67,3.95038E+12,0.001829855,1.37E-06
midres,subhalos,0.67,4.43669E+12,0.00161781,1.29E-06
midres,subhalos,0.67,4.98286E+12,0.00142853,1.21E-06
midres,subhalos,0.67,5.59628E+12,0.001258125,1.13E-06
midres,subhalos,0.67,6.2852E+12,0.001102376,1.06E-06
midres,subhalos,0.67,7.05894E+12,0.000967595,9.94E-07
midres,subhalos,0.67,7.92793E+12,0.000844277,9.29E-07
midres,subhalos,0.67,8.90389E+12,0.000742954,8.71E-07
midres,subhalos,0.67,1E+13,0.000647574,8.13E-07
midres,subhalos,0.67,1.1231E+13,0.000562832,7.58E-07
midres,subhalos,0.67,1.26136E+13,0.000487034,7.05E-07
midres,subhalos,0.67,1.41664E+13,0.000418795,6.54E-07
midres,subhalos,0.67,1.59104E+13,0.000360073,6.06E-07
midres,subhalos,0.67,1.7869E+13,0.000306496,5.59E-07
midres,subhalos,0.67,2.00688E+13,0.000259844,5.15E-07
midres,subhalos,0.67,2.25393E+13,0.000220819,4.75E-07
midres,subhalos,0.67,2.5314E+13,0.000185844,4.36E-07
midres,subhalos,0.67,2.84303E+13,0.00015558,3.99E-07
midres,subhalos,0.67,3.19302E+13,0.000131043,3.66E-07
midres,subhalos,0.67,3.5861E+13,0.000108573,3.33E-07
midres,subhalos,0.67,4.02756E+13,9.05E-05,3.04E-07
midres,subhalos,0.67,4.52337E+13,7.53E-05,2.77E-07
midres,subhalos,0.67,5.08022E+13,6.25E-05,2.53E-07
midres,subhalos,0.67,5.70562E+13,5.10E-05,2.28E-07
midres,subhalos,0.67,6.408E+13,4.18E-05,2.06E-07
midres,subhalos,0.67,7.19686E+13,3.38E-05,1.86E-07
midres,subhalos,0.67,8.08282E+13,2.76E-05,1.68E-07
midres,subhalos,0.67,9.07785E+13,2.22E-05,1.50E-07
midres,subhalos,0.67,1.01954E+14,1.75E-05,1.34E-07
midres,subhalos,0.67,1.14505E+14,1.39E-05,1.19E-07
midres,subhalos,0.67,1.28601E+14,1.06E-05,1.04E-07
midres,subhalos,0.67,1.44432E+14,8.30E-06,9.20E-08
midres,subhalos,0.67,1.62212E+14,6.32E-06,8.03E-08
midres,subhalos,0.67,1.82181E+14,4.86E-06,7.05E-08
midres,subhalos,0.67,2.04609E+14,3.54E-06,6.02E-08
midres,subhalos,0.67,2.29797E+14,2.60E-06,5.15E-08
midres,subhalos,0.67,2.58086E+14,1.95E-06,4.46E-08
midres,subhalos,0.67,2.89858E+14,1.40E-06,3.79E-08
midres,subhalos,0.67,3.25541E+14,9.34E-07,3.09E-08
midres,subhalos,0.67,3.65616E+14,6.28E-07,2.53E-08
midres,subhalos,0.67,4.10625E+14,4.27E-07,2.09E-08
midres,subhalos,0.67,4.61175E+14,2.70E-07,1.66E-08
midres,subhalos,0.67,5.17947E+14,1.76E-07,1.34E-08
midres,subhalos,0.67,5.81709E+14,1.25E-07,1.13E-08
midres,subhalos,0.67,6.5332E+14,6.84E-08,8.36E-09
midres,subhalos,0.67,7.33747E+14,3.68E-08,6.13E-09
midres,subhalos,0.67,8.24074E+14,2.25E-08,4.79E-09
midres,subhalos,0.67,9.25522E+14,1.23E-08,3.54E-09
midres,subhalos,0.67,1.03946E+15,5.11E-09,2.28E-09
midres,subhalos,0.67,1.16742E+15,2.04E-09,1.44E-09
midres,subhalos,0.67,1.31113E+15,1.02E-09,1.02E-09
midres,subhalos,0.67,1.47254E+15,0,0
midres,subhalos,0.67,1.65382E+15,1.02E-09,1.02E-09
midres,subhalos,0.67,1.85741E+15,0,0
midres,subhalos,0.67,2.08606E+15,0,0
midres,subhalos,0.67,2.34287E+15,0,0
midres,subhalos,0.67,2.63129E+15,0,0
midres,subhalos,0.67,2.95521E+15,0,0
midres,subhalos,0.67,3.31901E+15,0,0
midres,subhalos,0.67,3.72759E+15,0,0
midres,subhalos,0.67,4.18648E+15,0,0
midres,subhalos,0.67,4.70185E+15,0,0
midres,subhalos,0.67,5.28067E+15,0,0
midres,subhalos,0.67,5.93074E+15,0,0
midres,subhalos,0.67,6.66085E+15,0,0
midres,subhalos,0.67,7.48083E+15,0,0
midres,subhalos,0.67,8.40175E+15,0,0
midres,subhalos,0.67,9.43604E+15,0,0
midres,subhalos,0.9,10597662487,5.31E-08,7.36E-09
midres,subhalos,0.9,11902282448,1.11E-07,1.07E-08
midres,subhalos,0.9,13367506999,8.88E-08,9.53E-09
midres,subhalos,0.9,15013107289,1.02E-07,1.02E-08
midres,subhalos,0.9,16861288383,1.14E-07,1.08E-08
midres,subhalos,0.9,18936988890,1.16E-07,1.09E-08
midres,subhalos,0.9,21268217473,1.87E-07,1.38E-08
midres,subhalos,0.9,23886430790,4.19E-07,2.07E-08
midres,subhalos,0.9,26826957953,4.94E-07,2.25E-08
midres,subhalos,0.9,30129477247,4.69E-07,2.19E-08
midres,subhalos,0.9,33838551534,6.20E-07,2.52E-08
midres,subhalos,0.9,38004229564,9.70E-07,3.15E-08
midres,subhalos,0.9,42682721312,9.98E-07,3.19E-08
midres,subhalos,0.9,47937156456,1.23E-06,3.54E-08
midres,subhalos,0.9,53838436220,1.44E-06,3.83E-08
midres,subhalos,0.9,60466190091,1.69E-06,4.16E-08
midres,subhalos,0.9,67909850300,1.96E-06,4.47E-08
midres,subhalos,0.9,76269858590,2.43E-06,4.98E-08
midres,subhalos,0.9,85659021537,2.83E-06,5.37E-08
midres,subhalos,0.9,96204032711,3.38E-06,5.88E-08
midres,subhalos,0.9,1.08047E+11,4.13E-06,6.50E-08
midres,subhalos,0.9,1.21348E+11,4.92E-06,7.09E-08
midres,subhalos,0.9,1.36287E+11,5.92E-06,7.78E-08
midres,subhalos,0.9,1.53064E+11,7.09E-06,8.51E-08
midres,subhalos,0.9,1.71907E+11,8.17E-06,9.13E-08
midres,subhalos,0.9,1.9307E+11,9.66E-06,9.93E-08
midres,subhalos,0.9,2.16838E+11,1.15E-05,1.08E-07
midres,subhalos,0.9,2.43531E+11,1.41E-05,1.20E-07
midres,subhalos,0.9,2.73511E+11,0.000419671,6.55E-07
midres,subhalos,0.9,3.07181E+11,0.000655846,8.18E-07
midres,subhalos,0.9,3.44997E+11,0.000844588,9.29E-07
midres,subhalos,0.9,3.87468E+11,0.001143281,1.08E-06
midres,subhalos,0.9,4.35167E+11,0.002080543,1.46E-06
midres,subhalos,0.9,4.88737E+11,0.008002225,2.86E-06
midres,subhalos,0.9,5.48903E+11,0.010867898,3.33E-06
midres,subhalos,0.9,6.16476E+11,0.00950997,3.12E-06
midres,subhalos,0.9,6.92367E+11,0.00881373,3.00E-06
midres,subhalos,0.9,7.776E+11,0.00776858,2.82E-06
midres,subhalos,0.9,8.73326E+11,0.007145148,2.70E-06
midres,subhalos,0.9,9.80837E+11,0.006416524,2.56E-06
midres,subhalos,0.9,1.10158E+12,0.005557768,2.38E-06
midres,subhalos,0.9,1.23719E+12,0.005048248,2.27E-06
midres,subhalos,0.9,1.3895E+12,0.004576584,2.16E-06
midres,subhalos,0.9,1.56055E+12,0.004056513,2.04E-06
midres,subhalos,0.9,1.75266E+12,0.003657666,1.93E-06
midres,subhalos,0.9,1.96842E+12,0.003261934,1.83E-06
midres,subhalos,0.9,2.21074E+12,0.002941532,1.73E-06
midres,subhalos,0.9,2.48289E+12,0.002641739,1.64E-06
midres,subhalos,0.9,2.78855E+12,0.002353914,1.55E-06
midres,subhalos,0.9,3.13183E+12,0.002095649,1.46E-06
midres,subhalos,0.9,3.51737E+12,0.001855363,1.38E-06
midres,subhalos,0.9,3.95038E+12,0.001640581,1.29E-06
midres,subhalos,0.9,4.43669E+12,0.001435553,1.21E-06
midres,subhalos,0.9,4.98286E+12,0.001259631,1.13E-06
midres,subhalos,0.9,5.59628E+12,0.001098292,1.06E-06
midres,subhalos,0.9,6.2852E+12,0.000954608,9.87E-07
midres,subhalos,0.9,7.05894E+12,0.000830583,9.21E-07
midres,subhalos,0.9,7.92793E+12,0.000721278,8.58E-07
midres,subhalos,0.9,8.90389E+12,0.000622704,7.97E-07
midres,subhalos,0.9,1E+13,0.000538789,7.42E-07
midres,subhalos,0.9,1.1231E+13,0.000462152,6.87E-07
midres,subhalos,0.9,1.26136E+13,0.000394493,6.35E-07
midres,subhalos,0.9,1.41664E+13,0.00033496,5.85E-07
midres,subhalos,0.9,1.59104E+13,0.000283695,5.38E-07
midres,subhalos,0.9,1.7869E+13,0.000239117,4.94E-07
midres,subhalos,0.9,2.00688E+13,0.000199485,4.51E-07
midres,subhalos,0.9,2.25393E+13,0.000166829,4.13E-07
midres,subhalos,0.9,2.5314E+13,0.000138324,3.76E-07
midres,subhalos,0.9,2.84303E+13,0.000113887,3.41E-07
midres,subhalos,0.9,3.19302E+13,9.35E-05,3.09E-07
midres,subhalos,0.9,3.5861E+13,7.70E-05,2.80E-07
midres,subhalos,0.9,4.02756E+13,6.30E-05,2.54E-07
midres,subhalos,0.9,4.52337E+13,5.11E-05,2.29E-07
midres,subhalos,0.9,5.08022E+13,4.12E-05,2.05E-07
midres,subhalos,0.9,5.70562E+13,3.31E-05,1.84E-07
midres,subhalos,0.9,6.408E+13,2.63E-05,1.64E-07
midres,subhalos,0.9,7.19686E+13,2.09E-05,1.46E-07
midres,subhalos,0.9,8.08282E+13,1.62E-05,1.29E-07
midres,subhalos,0.9,9.07785E+13,1.26E-05,1.14E-07
midres,subhalos,0.9,1.01954E+14,9.71E-06,9.96E-08
midres,subhalos,0.9,1.14505E+14,7.10E-06,8.51E-08
midres,subhalos,0.9,1.28601E+14,5.48E-06,7.48E-08
midres,subhalos,0.9,1.44432E+14,4.06E-06,6.44E-08
midres,subhalos,0.9,1.62212E+14,2.95E-06,5.49E-08
midres,subhalos,0.9,1.82181E+14,2.18E-06,4.72E-08
midres,subhalos,0.9,2.04609E+14,1.56E-06,3.99E-08
midres,subhalos,0.9,2.29797E+14,1.08E-06,3.33E-08
midres,subhalos,0.9,2.58086E+14,6.94E-07,2.66E-08
midres,subhalos,0.9,2.89858E+14,4.92E-07,2.24E-08
midres,subhalos,0.9,3.25541E+14,3.17E-07,1.80E-08
midres,subhalos,0.9,3.65616E+14,2.12E-07,1.47E-08
midres,subhalos,0.9,4.10625E+14,1.21E-07,1.11E-08
midres,subhalos,0.9,4.61175E+14,7.56E-08,8.78E-09
midres,subhalos,0.9,5.17947E+14,4.39E-08,6.70E-09
midres,subhalos,0.9,5.81709E+14,2.25E-08,4.79E-09
midres,subhalos,0.9,6.5332E+14,8.17E-09,2.89E-09
midres,subhalos,0.9,7.33747E+14,6.13E-09,2.50E-09
midres,subhalos,0.9,8.24074E+14,3.06E-09,1.77E-09
midres,subhalos,0.9,9.25522E+14,3.06E-09,1.77E-09
midres,subhalos,0.9,1.03946E+15,0,0
midres,subhalos,0.9,1.16742E+15,0,0
midres,subhalos,0.9,1.31113E+15,0,0
midres,subhalos,0.9,1.47254E+15,0,0
midres,subhalos,0.9,1.65382E+15,0,0
midres,subhalos,0.9,1.85741E+15,0,0
midres,subhalos,0.9,2.08606E+15,0,0
midres,subhalos,0.9,2.34287E+15,0,0
midres,subhalos,0.9,2.63129E+15,0,0
midres,subhalos,0.9,2.95521E+15,0,0
midres,subhalos,0.9,3.31901E+15,0,0
midres,subhalos,0.9,3.72759E+15,0,0
midres,subhalos,0.9,4.18648E+15,0,0
midres,subhalos,0.9,4.70185E+15,0,0
midres,subhalos,0.9,5.28067E+15,0,0
midres,subhalos,0.9,5.93074E+15,0,0
midres,subhalos,0.9,6.66085E+15,0,0
midres,subhalos,0.9,7.48083E+15,0,0
midres,subhalos,0.9,8.40175E+15,0,0
midres,subhalos,0.9,9.43604E+15,0,0
midres,subhalos,1.18,10597662487,3.37E-08,5.87E-09
midres,subhalos,1.18,11902282448,3.57E-08,6.04E-09
midres,subhalos,1.18,13367506999,5.21E-08,7.29E-09
midres,subhalos,1.18,15013107289,6.64E-08,8.23E-09
midres,subhalos,1.18,16861288383,6.43E-08,8.11E-09
midres,subhalos,1.18,18936988890,7.05E-08,8.48E-09
midres,subhalos,1.18,21268217473,1.13E-07,1.08E-08
midres,subhalos,1.18,23886430790,1.95E-07,1.41E-08
midres,subhalos,1.18,26826957953,2.63E-07,1.64E-08
midres,subhalos,1.18,30129477247,2.86E-07,1.71E-08
midres,subhalos,1.18,33838551534,3.95E-07,2.01E-08
midres,subhalos,1.18,38004229564,6.00E-07,2.48E-08
midres,subhalos,1.18,42682721312,5.96E-07,2.47E-08
midres,subhalos,1.18,47937156456,7.74E-07,2.81E-08
midres,subhalos,1.18,53838436220,9.65E-07,3.14E-08
midres,subhalos,1.18,60466190091,1.18E-06,3.46E-08
midres,subhalos,1.18,67909850300,1.40E-06,3.78E-08
midres,subhalos,1.18,76269858590,1.78E-06,4.27E-08
midres,subhalos,1.18,85659021537,2.18E-06,4.72E-08
midres,subhalos,1.18,96204032711,2.73E-06,5.28E-08
midres,subhalos,1.18,1.08047E+11,3.31E-06,5.81E-08
midres,subhalos,1.18,1.21348E+11,4.22E-06,6.56E-08
midres,subhalos,1.18,1.36287E+11,4.96E-06,7.12E-08
midres,subhalos,1.18,1.53064E+11,5.94E-06,7.79E-08
midres,subhalos,1.18,1.71907E+11,7.07E-06,8.50E-08
midres,subhalos,1.18,1.9307E+11,8.39E-06,9.26E-08
midres,subhalos,1.18,2.16838E+11,1.00E-05,1.01E-07
midres,subhalos,1.18,2.43531E+11,1.25E-05,1.13E-07
midres,subhalos,1.18,2.73511E+11,0.00025062,5.06E-07
midres,subhalos,1.18,3.07181E+11,0.000494309,7.10E-07
midres,subhalos,1.18,3.44997E+11,0.000661211,8.22E-07
midres,subhalos,1.18,3.87468E+11,0.000919412,9.69E-07
midres,subhalos,1.18,4.35167E+11,0.00177074,1.34E-06
midres,subhalos,1.18,4.88737E+11,0.007311232,2.73E-06
midres,subhalos,1.18,5.48903E+11,0.010157791,3.22E-06
midres,subhalos,1.18,6.16476E+11,0.008853118,3.01E-06
midres,subhalos,1.18,6.92367E+11,0.008172235,2.89E-06
midres,subhalos,1.18,7.776E+11,0.007183026,2.71E-06
midres,subhalos,1.18,8.73326E+11,0.006574369,2.59E-06
midres,subhalos,1.18,9.80837E+11,0.005879079,2.45E-06
midres,subhalos,1.18,1.10158E+12,0.005088362,2.28E-06
midres,subhalos,1.18,1.23719E+12,0.004615568,2.17E-06
midres,subhalos,1.18,1.3895E+12,0.004159153,2.06E-06
midres,subhalos,1.18,1.56055E+12,0.003672663,1.94E-06
midres,subhalos,1.18,1.75266E+12,0.003296482,1.83E-06
midres,subhalos,1.18,1.96842E+12,0.002922546,1.73E-06
midres,subhalos,1.18,2.21074E+12,0.002608878,1.63E-06
midres,subhalos,1.18,2.48289E+12,0.002325031,1.54E-06
midres,subhalos,1.18,2.78855E+12,0.002049526,1.45E-06
midres,subhalos,1.18,3.13183E+12,0.001805809,1.36E-06
midres,subhalos,1.18,3.51737E+12,0.00158271,1.27E-06
midres,subhalos,1.18,3.95038E+12,0.001380674,1.19E-06
midres,subhalos,1.18,4.43669E+12,0.001199024,1.11E-06
midres,subhalos,1.18,4.98286E+12,0.001036936,1.03E-06
midres,subhalos,1.18,5.59628E+12,0.000896726,9.57E-07
midres,subhalos,1.18,6.2852E+12,0.00076977,8.87E-07
midres,subhalos,1.18,7.05894E+12,0.000662256,8.22E-07
midres,subhalos,1.18,7.92793E+12,0.000564317,7.59E-07
midres,subhalos,1.18,8.90389E+12,0.000480732,7.01E-07
midres,subhalos,1.18,1E+13,0.000408351,6.46E-07
midres,subhalos,1.18,1.1231E+13,0.000344829,5.93E-07
midres,subhalos,1.18,1.26136E+13,0.000288916,5.43E-07
midres,subhalos,1.18,1.41664E+13,0.000241255,4.96E-07
midres,subhalos,1.18,1.59104E+13,0.000201379,4.53E-07
midres,subhalos,1.18,1.7869E+13,0.000166301,4.12E-07
midres,subhalos,1.18,2.00688E+13,0.000135677,3.72E-07
midres,subhalos,1.18,2.25393E+13,0.00011055,3.36E-07
midres,subhalos,1.18,2.5314E+13,8.98E-05,3.03E-07
midres,subhalos,1.18,2.84303E+13,7.28E-05,2.73E-07
midres,subhalos,1.18,3.19302E+13,5.88E-05,2.45E-07
midres,subhalos,1.18,3.5861E+13,4.67E-05,2.18E-07
midres,subhalos,1.18,4.02756E+13,3.73E-05,1.95E-07
midres,subhalos,1.18,4.52337E+13,2.94E-05,1.73E-07
midres,subhalos,1.18,5.08022E+13,2.25E-05,1.52E-07
midres,subhalos,1.18,5.70562E+13,1.77E-05,1.35E-07
midres,subhalos,1.18,6.408E+13,1.33E-05,1.17E-07
midres,subhalos,1.18,7.19686E+13,1.02E-05,1.02E-07
midres,subhalos,1.18,8.08282E+13,7.53E-06,8.77E-08
midres,subhalos,1.18,9.07785E+13,5.53E-06,7.52E-08
midres,subhalos,1.18,1.01954E+14,4.20E-06,6.55E-08
midres,subhalos,1.18,1.14505E+14,2.94E-06,5.48E-08
midres,subhalos,1.18,1.28601E+14,2.08E-06,4.61E-08
midres,subhalos,1.18,1.44432E+14,1.57E-06,4.00E-08
midres,subhalos,1.18,1.62212E+14,9.79E-07,3.16E-08
midres,subhalos,1.18,1.82181E+14,6.74E-07,2.62E-08
midres,subhalos,1.18,2.04609E+14,4.24E-07,2.08E-08
midres,subhalos,1.18,2.29797E+14,3.00E-07,1.75E-08
midres,subhalos,1.18,2.58086E+14,1.94E-07,1.41E-08
midres,subhalos,1.18,2.89858E+14,1.22E-07,1.11E-08
midres,subhalos,1.18,3.25541E+14,5.21E-08,7.29E-09
midres,subhalos,1.18,3.65616E+14,3.68E-08,6.13E-09
midres,subhalos,1.18,4.10625E+14,1.94E-08,4.45E-09
midres,subhalos,1.18,4.61175E+14,1.02E-08,3.23E-09
midres,subhalos,1.18,5.17947E+14,7.15E-09,2.70E-09
midres,subhalos,1.18,5.81709E+14,2.04E-09,1.44E-09
midres,subhalos,1.18,6.5332E+14,0,0
midres,subhalos,1.18,7.33747E+14,0,0
midres,subhalos,1.18,8.24074E+14,0,0
midres,subhalos,1.18,9.25522E+14,0,0
midres,subhalos,1.18,1.03946E+15,0,0
midres,subhalos,1.18,1.16742E+15,0,0
midres,subhalos,1.18,1.31113E+15,0,0
midres,subhalos,1.18,1.47254E+15,0,0
midres,subhalos,1.18,1.65382E+15,0,0
midres,subhalos,1.18,1.85741E+15,0,0
midres,subhalos,1.18,2.08606E+15,0,0
midres,subhalos,1.18,2.34287E+15,0,0
midres,subhalos,1.18,2.63129E+15,0,0
midres,subhalos,1.18,2.95521E+15,0,0
midres,subhalos,1.18,3.31901E+15,0,0
midres,subhalos,1.18,3.72759E+15,0,0
midres,subhalos,1.18,4.18648E+15,0,0
midres,subhalos,1.18,4.70185E+15,0,0
midres,subhalos,1.18,5.28067E+15,0,0
midres,subhalos,1.18,5.93074E+15,0,0
midres,subhalos,1.18,6.66085E+15,0,0
midres,subhalos,1.18,7.48083E+15,0,0
midres,subhalos,1.18,8.40175E+15,0,0
midres,subhalos,1.18,9.43604E+15,0,0
midres,subhalos,1.98,10597662487,3.06E-09,1.77E-09
midres,subhalos,1.98,11902282448,4.08E-09,2.04E-09
midres,subhalos,1.98,13367506999,3.06E-09,1.77E-09
midres,subhalos,1.98,15013107289,7.15E-09,2.70E-09
midres,subhalos,1.98,16861288383,6.13E-09,2.50E-09
midres,subhalos,1.98,18936988890,1.23E-08,3.54E-09
midres,subhalos,1.98,21268217473,1.53E-08,3.96E-09
midres,subhalos,1.98,23886430790,2.04E-08,4.57E-09
midres,subhalos,1.98,26826957953,3.17E-08,5.69E-09
midres,subhalos,1.98,30129477247,4.08E-08,6.46E-09
midres,subhalos,1.98,33838551534,5.82E-08,7.71E-09
midres,subhalos,1.98,38004229564,7.97E-08,9.02E-09
midres,subhalos,1.98,42682721312,1.16E-07,1.09E-08
midres,subhalos,1.98,47937156456,1.43E-07,1.21E-08
midres,subhalos,1.98,53838436220,2.42E-07,1.57E-08
midres,subhalos,1.98,60466190091,3.10E-07,1.78E-08
midres,subhalos,1.98,67909850300,4.31E-07,2.10E-08
midres,subhalos,1.98,76269858590,5.97E-07,2.47E-08
midres,subhalos,1.98,85659021537,8.51E-07,2.95E-08
midres,subhalos,1.98,96204032711,1.19E-06,3.49E-08
midres,subhalos,1.98,1.08047E+11,1.48E-06,3.89E-08
midres,subhalos,1.98,1.21348E+11,2.00E-06,4.52E-08
midres,subhalos,1.98,1.36287E+11,2.40E-06,4.95E-08
midres,subhalos,1.98,1.53064E+11,2.91E-06,5.45E-08
midres,subhalos,1.98,1.71907E+11,3.60E-06,6.06E-08
midres,subhalos,1.98,1.9307E+11,4.28E-06,6.61E-08
midres,subhalos,1.98,2.16838E+11,5.06E-06,7.19E-08
midres,subhalos,1.98,2.43531E+11,6.40E-06,8.08E-08
midres,subhalos,1.98,2.73511E+11,4.32E-05,2.10E-07
midres,subhalos,1.98,3.07181E+11,0.000177742,4.26E-07
midres,subhalos,1.98,3.44997E+11,0.000285072,5.40E-07
midres,subhalos,1.98,3.87468E+11,0.000427377,6.61E-07
midres,subhalos,1.98,4.35167E+11,0.000934294,9.77E-07
midres,subhalos,1.98,4.88737E+11,0.004873634,2.23E-06
midres,subhalos,1.98,5.48903E+11,0.007208004,2.71E-06
midres,subhalos,1.98,6.16476E+11,0.00620418,2.52E-06
midres,subhalos,1.98,6.92367E+11,0.005646271,2.40E-06
midres,subhalos,1.98,7.776E+11,0.004890366,2.23E-06
midres,subhalos,1.98,8.73326E+11,0.00440444,2.12E-06
midres,subhalos,1.98,9.80837E+11,0.003785715,1.97E-06
midres,subhalos,1.98,1.10158E+12,0.003127657,1.79E-06
midres,subhalos,1.98,1.23719E+12,0.002928241,1.73E-06
midres,subhalos,1.98,1.3895E+12,0.002615825,1.63E-06
midres,subhalos,1.98,1.56055E+12,0.002270208,1.52E-06
midres,subhalos,1.98,1.75266E+12,0.001995325,1.43E-06
midres,subhalos,1.98,1.96842E+12,0.001723323,1.33E-06
midres,subhalos,1.98,2.21074E+12,0.001500723,1.24E-06
midres,subhalos,1.98,2.48289E+12,0.001289566,1.15E-06
midres,subhalos,1.98,2.78855E+12,0.001101114,1.06E-06
midres,subhalos,1.98,3.13183E+12,0.000934717,9.77E-07
midres,subhalos,1.98,3.51737E+12,0.000789003,8.98E-07
midres,subhalos,1.98,3.95038E+12,0.000660766,8.21E-07
midres,subhalos,1.98,4.43669E+12,0.000552695,7.51E-07
midres,subhalos,1.98,4.98286E+12,0.000458768,6.84E-07
midres,subhalos,1.98,5.59628E+12,0.000379851,6.23E-07
midres,subhalos,1.98,6.2852E+12,0.000310286,5.63E-07
midres,subhalos,1.98,7.05894E+12,0.000252874,5.08E-07
midres,subhalos,1.98,7.92793E+12,0.000205492,4.58E-07
midres,subhalos,1.98,8.90389E+12,0.000164514,4.10E-07
midres,subhalos,1.98,1E+13,0.000131414,3.66E-07
midres,subhalos,1.98,1.1231E+13,0.000104085,3.26E-07
midres,subhalos,1.98,1.26136E+13,8.28E-05,2.91E-07
midres,subhalos,1.98,1.41664E+13,6.43E-05,2.56E-07
midres,subhalos,1.98,1.59104E+13,4.98E-05,2.26E-07
midres,subhalos,1.98,1.7869E+13,3.82E-05,1.98E-07
midres,subhalos,1.98,2.00688E+13,2.84E-05,1.70E-07
midres,subhalos,1.98,2.25393E+13,2.21E-05,1.50E-07
midres,subhalos,1.98,2.5314E+13,1.63E-05,1.29E-07
midres,subhalos,1.98,2.84303E+13,1.21E-05,1.11E-07
midres,subhalos,1.98,3.19302E+13,8.58E-06,9.36E-08
midres,subhalos,1.98,3.5861E+13,6.25E-06,7.99E-08
midres,subhalos,1.98,4.02756E+13,4.42E-06,6.72E-08
midres,subhalos,1.98,4.52337E+13,3.09E-06,5.61E-08
midres,subhalos,1.98,5.08022E+13,2.13E-06,4.66E-08
midres,subhalos,1.98,5.70562E+13,1.49E-06,3.90E-08
midres,subhalos,1.98,6.408E+13,1.03E-06,3.24E-08
midres,subhalos,1.98,7.19686E+13,6.29E-07,2.53E-08
midres,subhalos,1.98,8.08282E+13,4.20E-07,2.07E-08
midres,subhalos,1.98,9.07785E+13,2.28E-07,1.52E-08
midres,subhalos,1.98,1.01954E+14,1.59E-07,1.28E-08
midres,subhalos,1.98,1.14505E+14,9.70E-08,9.95E-09
midres,subhalos,1.98,1.28601E+14,5.31E-08,7.36E-09
midres,subhalos,1.98,1.44432E+14,1.84E-08,4.33E-09
midres,subhalos,1.98,1.62212E+14,6.13E-09,2.50E-09
midres,subhalos,1.98,1.82181E+14,6.13E-09,2.50E-09
midres,subhalos,1.98,2.04609E+14,3.06E-09,1.77E-09
midres,subhalos,1.98,2.29797E+14,3.06E-09,1.77E-09
midres,subhalos,1.98,2.58086E+14,1.02E-09,1.02E-09
midres,subhalos,1.98,2.89858E+14,0,0
midres,subhalos,1.98,3.25541E+14,0,0
midres,subhalos,1.98,3.65616E+14,0,0
midres,subhalos,1.98,4.10625E+14,0,0
midres,subhalos,1.98,4.61175E+14,0,0
midres,subhalos,1.98,5.17947E+14,0,0
midres,subhalos,1.98,5.81709E+14,0,0
midres,subhalos,1.98,6.5332E+14,0,0
midres,subhalos,1.98,7.33747E+14,0,0
midres,subhalos,1.98,8.24074E+14,0,0
midres,subhalos,1.98,9.25522E+14,0,0
midres,subhalos,1.98,1.03946E+15,0,0
midres,subhalos,1.98,1.16742E+15,0,0
midres,subhalos,1.98,1.31113E+15,0,0
midres,subhalos,1.98,1.47254E+15,0,0
midres,subhalos,1.98,1.65382E+15,0,0
midres,subhalos,1.98,1.85741E+15,0,0
midres,subhalos,1.98,2.08606E+15,0,0
midres,subhalos,1.98,2.34287E+15,0,0
midres,subhalos,1.98,2.63129E+15,0,0
midres,subhalos,1.98,2.95521E+15,0,0
midres,subhalos,1.98,3.31901E+15,0,0
midres,subhalos,1.98,3.72759E+15,0,0
midres,subhalos,1.98,4.18648E+15,0,0
midres,subhalos,1.98,4.70185E+15,0,0
midres,subhalos,1.98,5.28067E+15,0,0
midres,subhalos,1.98,5.93074E+15,0,0
midres,subhalos,1.98,6.66085E+15,0,0
midres,subhalos,1.98,7.48083E+15,0,0
midres,subhalos,1.98,8.40175E+15,0,0
midres,subhalos,1.98,9.43604E+15,0,0
midres,subhalos,2.79,10597662487,0,0
midres,subhalos,2.79,11902282448,0,0
midres,subhalos,2.79,13367506999,0,0
midres,subhalos,2.79,15013107289,0,0
midres,subhalos,2.79,16861288383,0,0
midres,subhalos,2.79,18936988890,1.02E-09,1.02E-09
midres,subhalos,2.79,21268217473,1.02E-09,1.02E-09
midres,subhalos,2.79,23886430790,2.04E-09,1.44E-09
midres,subhalos,2.79,26826957953,1.02E-09,1.02E-09
midres,subhalos,2.79,30129477247,1.02E-09,1.02E-09
midres,subhalos,2.79,33838551534,1.02E-09,1.02E-09
midres,subhalos,2.79,38004229564,8.17E-09,2.89E-09
midres,subhalos,2.79,42682721312,1.23E-08,3.54E-09
midres,subhalos,2.79,47937156456,1.63E-08,4.08E-09
midres,subhalos,2.79,53838436220,1.84E-08,4.33E-09
midres,subhalos,2.79,60466190091,4.39E-08,6.70E-09
midres,subhalos,2.79,67909850300,7.05E-08,8.48E-09
midres,subhalos,2.79,76269858590,1.09E-07,1.06E-08
midres,subhalos,2.79,85659021537,1.56E-07,1.26E-08
midres,subhalos,2.79,96204032711,2.34E-07,1.55E-08
midres,subhalos,2.79,1.08047E+11,3.80E-07,1.97E-08
midres,subhalos,2.79,1.21348E+11,4.69E-07,2.19E-08
midres,subhalos,2.79,1.36287E+11,5.96E-07,2.47E-08
midres,subhalos,2.79,1.53064E+11,7.76E-07,2.82E-08
midres,subhalos,2.79,1.71907E+11,1.02E-06,3.23E-08
midres,subhalos,2.79,1.9307E+11,1.20E-06,3.49E-08
midres,subhalos,2.79,2.16838E+11,1.41E-06,3.80E-08
midres,subhalos,2.79,2.43531E+11,1.59E-06,4.03E-08
midres,subhalos,2.79,2.73511E+11,5.43E-06,7.45E-08
midres,subhalos,2.79,3.07181E+11,4.54E-05,2.15E-07
midres,subhalos,2.79,3.44997E+11,9.32E-05,3.08E-07
midres,subhalos,2.79,3.87468E+11,0.00014765,3.88E-07
midres,subhalos,2.79,4.35167E+11,0.000351259,5.99E-07
midres,subhalos,2.79,4.88737E+11,0.002577413,1.62E-06
midres,subhalos,2.79,5.48903E+11,0.00408336,2.04E-06
midres,subhalos,2.79,6.16476E+11,0.003436153,1.87E-06
midres,subhalos,2.79,6.92367E+11,0.003060117,1.77E-06
midres,subhalos,2.79,7.776E+11,0.002577916,1.62E-06
midres,subhalos,2.79,8.73326E+11,0.00220272,1.50E-06
midres,subhalos,2.79,9.80837E+11,0.00165375,1.30E-06
midres,subhalos,2.79,1.10158E+12,0.00142197,1.21E-06
midres,subhalos,2.79,1.23719E+12,0.001377769,1.19E-06
midres,subhalos,2.79,1.3895E+12,0.001211356,1.11E-06
midres,subhalos,2.79,1.56055E+12,0.001018966,1.02E-06
midres,subhalos,2.79,1.75266E+12,0.000865636,9.40E-07
midres,subhalos,2.79,1.96842E+12,0.000720394,8.58E-07
midres,subhalos,2.79,2.21074E+12,0.000600418,7.83E-07
midres,subhalos,2.79,2.48289E+12,0.000497294,7.13E-07
midres,subhalos,2.79,2.78855E+12,0.000405845,6.44E-07
midres,subhalos,2.79,3.13183E+12,0.000326895,5.78E-07
midres,subhalos,2.79,3.51737E+12,0.00026253,5.18E-07
midres,subhalos,2.79,3.95038E+12,0.000207736,4.61E-07
midres,subhalos,2.79,4.43669E+12,0.000164514,4.10E-07
midres,subhalos,2.79,4.98286E+12,0.000128888,3.63E-07
midres,subhalos,2.79,5.59628E+12,9.92E-05,3.18E-07
midres,subhalos,2.79,6.2852E+12,7.54E-05,2.77E-07
midres,subhalos,2.79,7.05894E+12,5.81E-05,2.44E-07
midres,subhalos,2.79,7.92793E+12,4.32E-05,2.10E-07
midres,subhalos,2.79,8.90389E+12,3.24E-05,1.82E-07
midres,subhalos,2.79,1E+13,2.36E-05,1.55E-07
midres,subhalos,2.79,1.1231E+13,1.73E-05,1.33E-07
midres,subhalos,2.79,1.26136E+13,1.26E-05,1.14E-07
midres,subhalos,2.79,1.41664E+13,8.89E-06,9.53E-08
midres,subhalos,2.79,1.59104E+13,6.13E-06,7.91E-08
midres,subhalos,2.79,1.7869E+13,4.32E-06,6.64E-08
midres,subhalos,2.79,2.00688E+13,2.96E-06,5.50E-08
midres,subhalos,2.79,2.25393E+13,1.88E-06,4.39E-08
midres,subhalos,2.79,2.5314E+13,1.26E-06,3.59E-08
midres,subhalos,2.79,2.84303E+13,8.58E-07,2.96E-08
midres,subhalos,2.79,3.19302E+13,5.20E-07,2.30E-08
midres,subhalos,2.79,3.5861E+13,3.29E-07,1.83E-08
midres,subhalos,2.79,4.02756E+13,1.83E-07,1.37E-08
midres,subhalos,2.79,4.52337E+13,1.19E-07,1.10E-08
midres,subhalos,2.79,5.08022E+13,5.62E-08,7.57E-09
midres,subhalos,2.79,5.70562E+13,3.57E-08,6.04E-09
midres,subhalos,2.79,6.408E+13,1.63E-08,4.08E-09
midres,subhalos,2.79,7.19686E+13,3.06E-09,1.77E-09
midres,subhalos,2.79,8.08282E+13,6.13E-09,2.50E-09
midres,subhalos,2.79,9.07785E+13,2.04E-09,1.44E-09
midres,subhalos,2.79,1.01954E+14,1.02E-09,1.02E-09
midres,subhalos,2.79,1.14505E+14,0,0
midres,subhalos,2.79,1.28601E+14,0,0
midres,subhalos,2.79,1.44432E+14,0,0
midres,subhalos,2.79,1.62212E+14,0,0
midres,subhalos,2.79,1.82181E+14,0,0
midres,subhalos,2.79,2.04609E+14,0,0
midres,subhalos,2.79,2.29797E+14,0,0
midres,subhalos,2.79,2.58086E+14,0,0
midres,subhalos,2.79,2.89858E+14,0,0
midres,subhalos,2.79,3.25541E+14,0,0
midres,subhalos,2.79,3.65616E+14,0,0
midres,subhalos,2.79,4.10625E+14,0,0
midres,subhalos,2.79,4.61175E+14,0,0
midres,subhalos,2.79,5.17947E+14,0,0
midres,subhalos,2.79,5.81709E+14,0,0
midres,subhalos,2.79,6.5332E+14,0,0
midres,subhalos,2.79,7.33747E+14,0,0
midres,subhalos,2.79,8.24074E+14,0,0
midres,subhalos,2.79,9.25522E+14,0,0
midres,subhalos,2.79,1.03946E+15,0,0
midres,subhalos,2.79,1.16742E+15,0,0
midres,subhalos,2.79,1.31113E+15,0,0
midres,subhalos,2.79,1.47254E+15,0,0
midres,subhalos,2.79,1.65382E+15,0,0
midres,subhalos,2.79,1.85741E+15,0,0
midres,subhalos,2.79,2.08606E+15,0,0
midres,subhalos,2.79,2.34287E+15,0,0
midres,subhalos,2.79,2.63129E+15,0,0
midres,subhalos,2.79,2.95521E+15,0,0
midres,subhalos,2.79,3.31901E+15,0,0
midres,subhalos,2.79,3.72759E+15,0,0
midres,subhalos,2.79,4.18648E+15,0,0
midres,subhalos,2.79,4.70185E+15,0,0
midres,subhalos,2.79,5.28067E+15,0,0
midres,subhalos,2.79,5.93074E+15,0,0
midres,subhalos,2.79,6.66085E+15,0,0
midres,subhalos,2.79,7.48083E+15,0,0
midres,subhalos,2.79,8.40175E+15,0,0
midres,subhalos,2.79,9.43604E+15,0,0
midres,subhalos,4.23,10597662487,0,0
midres,subhalos,4.23,11902282448,0,0
midres,subhalos,4.23,13367506999,0,0
midres,subhalos,4.23,15013107289,0,0
midres,subhalos,4.23,16861288383,0,0
midres,subhalos,4.23,18936988890,0,0
midres,subhalos,4.23,21268217473,0,0
midres,subhalos,4.23,23886430790,0,0
midres,subhalos,4.23,26826957953,0,0
midres,subhalos,4.23,30129477247,0,0
midres,subhalos,4.23,33838551534,0,0
midres,subhalos,4.23,38004229564,0,0
midres,subhalos,4.23,42682721312,0,0
midres,subhalos,4.23,47937156456,0,0
midres,subhalos,4.23,53838436220,0,0
midres,subhalos,4.23,60466190091,0,0
midres,subhalos,4.23,67909850300,0,0
midres,subhalos,4.23,76269858590,0,0
midres,subhalos,4.23,85659021537,1.02E-09,1.02E-09
midres,subhalos,4.23,96204032711,2.04E-09,1.44E-09
midres,subhalos,4.23,1.08047E+11,5.11E-09,2.28E-09
midres,subhalos,4.23,1.21348E+11,8.17E-09,2.89E-09
midres,subhalos,4.23,1.36287E+11,5.11E-09,2.28E-09
midres,subhalos,4.23,1.53064E+11,3.06E-09,1.77E-09
midres,subhalos,4.23,1.71907E+11,1.02E-08,3.23E-09
midres,subhalos,4.23,1.9307E+11,1.63E-08,4.08E-09
midres,subhalos,4.23,2.16838E+11,2.04E-08,4.57E-09
midres,subhalos,4.23,2.43531E+11,1.84E-08,4.33E-09
midres,subhalos,4.23,2.73511E+11,5.51E-08,7.50E-09
midres,subhalos,4.23,3.07181E+11,1.87E-06,4.38E-08
midres,subhalos,4.23,3.44997E+11,5.18E-06,7.27E-08
midres,subhalos,4.23,3.87468E+11,8.56E-06,9.35E-08
midres,subhalos,4.23,4.35167E+11,2.59E-05,1.63E-07
midres,subhalos,4.23,4.88737E+11,0.000455002,6.82E-07
midres,subhalos,4.23,5.48903E+11,0.000694104,8.42E-07
midres,subhalos,4.23,6.16476E+11,0.00044666,6.75E-07
midres,subhalos,4.23,6.92367E+11,0.000229766,4.84E-07
midres,subhalos,4.23,7.776E+11,0.000107343,3.31E-07
midres,subhalos,4.23,8.73326E+11,6.77E-05,2.63E-07
midres,subhalos,4.23,9.80837E+11,7.20E-05,2.71E-07
midres,subhalos,4.23,1.10158E+12,9.85E-05,3.17E-07
midres,subhalos,4.23,1.23719E+12,0.000122938,3.54E-07
midres,subhalos,4.23,1.3895E+12,0.000123778,3.56E-07
midres,subhalos,4.23,1.56055E+12,0.000103735,3.25E-07
midres,subhalos,4.23,1.75266E+12,8.14E-05,2.88E-07
midres,subhalos,4.23,1.96842E+12,6.17E-05,2.51E-07
midres,subhalos,4.23,2.21074E+12,4.64E-05,2.18E-07
midres,subhalos,4.23,2.48289E+12,3.45E-05,1.88E-07
midres,subhalos,4.23,2.78855E+12,2.49E-05,1.60E-07
midres,subhalos,4.23,3.13183E+12,1.81E-05,1.36E-07
midres,subhalos,4.23,3.51737E+12,1.27E-05,1.14E-07
midres,subhalos,4.23,3.95038E+12,8.96E-06,9.57E-08
midres,subhalos,4.23,4.43669E+12,6.24E-06,7.99E-08
midres,subhalos,4.23,4.98286E+12,4.05E-06,6.43E-08
midres,subhalos,4.23,5.59628E+12,2.74E-06,5.29E-08
midres,subhalos,4.23,6.2852E+12,1.80E-06,4.28E-08
midres,subhalos,4.23,7.05894E+12,1.12E-06,3.39E-08
midres,subhalos,4.23,7.92793E+12,6.97E-07,2.67E-08
midres,subhalos,4.23,8.90389E+12,4.18E-07,2.07E-08
midres,subhalos,4.23,1E+13,2.96E-07,1.74E-08
midres,subhalos,4.23,1.1231E+13,1.50E-07,1.24E-08
midres,subhalos,4.23,1.26136E+13,7.97E-08,9.02E-09
midres,subhalos,4.23,1.41664E+13,4.60E-08,6.85E-09
midres,subhalos,4.23,1.59104E+13,2.66E-08,5.21E-09
midres,subhalos,4.23,1.7869E+13,8.17E-09,2.89E-09
midres,subhalos,4.23,2.00688E+13,7.15E-09,2.70E-09
midres,subhalos,4.23,2.25393E+13,2.04E-09,1.44E-09
midres,subhalos,4.23,2.5314E+13,1.02E-09,1.02E-09
midres,subhalos,4.23,2.84303E+13,0,0
midres,subhalos,4.23,3.19302E+13,1.02E-09,1.02E-09
midres,subhalos,4.23,3.5861E+13,0,0
midres,subhalos,4.23,4.02756E+13,0,0
midres,subhalos,4.23,4.52337E+13,0,0
midres,subhalos,4.23,5.08022E+13,0,0
midres,subhalos,4.23,5.70562E+13,0,0
midres,subhalos,4.23,6.408E+13,0,0
midres,subhalos,4.23,7.19686E+13,0,0
midres,subhalos,4.23,8.08282E+13,0,0
midres,subhalos,4.23,9.07785E+13,0,0
midres,subhalos,4.23,1.01954E+14,0,0
midres,subhalos,4.23,1.14505E+14,0,0
midres,subhalos,4.23,1.28601E+14,0,0
midres,subhalos,4.23,1.44432E+14,0,0
midres,subhalos,4.23,1.62212E+14,0,0
midres,subhalos,4.23,1.82181E+14,0,0
midres,subhalos,4.23,2.04609E+14,0,0
midres,subhalos,4.23,2.29797E+14,0,0
midres,subhalos,4.23,2.58086E+14,0,0
midres,subhalos,4.23,2.89858E+14,0,0
midres,subhalos,4.23,3.25541E+14,0,0
midres,subhalos,4.23,3.65616E+14,0,0
midres,subhalos,4.23,4.10625E+14,0,0
midres,subhalos,4.23,4.61175E+14,0,0
midres,subhalos,4.23,5.17947E+14,0,0
midres,subhalos,4.23,5.81709E+14,0,0
midres,subhalos,4.23,6.5332E+14,0,0
midres,subhalos,4.23,7.33747E+14,0,0
midres,subhalos,4.23,8.24074E+14,0,0
midres,subhalos,4.23,9.25522E+14,0,0
midres,subhalos,4.23,1.03946E+15,0,0
midres,subhalos,4.23,1.16742E+15,0,0
midres,subhalos,4.23,1.31113E+15,0,0
midres,subhalos,4.23,1.47254E+15,0,0
midres,subhalos,4.23,1.65382E+15,0,0
midres,subhalos,4.23,1.85741E+15,0,0
midres,subhalos,4.23,2.08606E+15,0,0
midres,subhalos,4.23,2.34287E+15,0,0
midres,subhalos,4.23,2.63129E+15,0,0
midres,subhalos,4.23,2.95521E+15,0,0
midres,subhalos,4.23,3.31901E+15,0,0
midres,subhalos,4.23,3.72759E+15,0,0
midres,subhalos,4.23,4.18648E+15,0,0
midres,subhalos,4.23,4.70185E+15,0,0
midres,subhalos,4.23,5.28067E+15,0,0
midres,subhalos,4.23,5.93074E+15,0,0
midres,subhalos,4.23,6.66085E+15,0,0
midres,subhalos,4.23,7.48083E+15,0,0
midres,subhalos,4.23,8.40175E+15,0,0
midres,subhalos,4.23,9.43604E+15,0,0
